{
	"class_name" : "PinholeCameraTrajectory",
	"parameters" : 
	[
		{
			"class_name" : "PinholeCameraParameters",
			"extrinsic" : 
			[
				0.99916142714838663,
				-0.007048749653398266,
				-0.040333083531057058,
				0.0,
				0.020877457243770447,
				-0.75968410011193177,
				0.64995707536433445,
				0.0,
				-0.035221786976728557,
				-0.65025409123314892,
				-0.75889988968026456,
				0.0,
				0.27650272158383526,
				0.43341214902144198,
				12.630418838778768,
				1.0
			],
			"intrinsic" : 
			{
				"height" : 1136,
				"intrinsic_matrix" : 
				[
					983.80485869912241,
					0.0,
					0.0,
					0.0,
					983.80485869912241,
					0.0,
					959.5,
					567.5,
					1.0
				],
				"width" : 1920
			},
			"version_major" : 1,
			"version_minor" : 0
		}
	],
	"version_major" : 1,
	"version_minor" : 0
}